{
  "case_name": "simpsydial_0",
  "case_number": "",
  "case_path": "eval/manager/Simpsydial/prepared/simpsydial_0.json",
  "session_number": 1,
  "session_file": "session_1",
  "evaluation_results": {
    "counselor": {
      "HTAIS": 5.1923076923076925,
      "RRO": 9.291666666666668,
      "WAI": 5.208333333333333,
      "Custom_Dim": 7.730769230769231
    },
    "client": {
      "RRO": 8.402777777777779,
      "PANAS": 4.25,
      "SCL_90": 0.4444444444444444,
      "SRS": 10.0
    }
  },
  "session_count": 1,
  "thread_id": "ThreadPoolExecutor-0_0"
}