{
  "case_name": "simpsydial_4",
  "case_number": "",
  "case_path": "eval/manager/Simpsydial/prepared/simpsydial_4.json",
  "session_number": 1,
  "session_file": "session_1",
  "evaluation_results": {
    "counselor": {
      "HTAIS": 7.115384615384615,
      "RRO": 8.166666666666668,
      "WAI": 7.291666666666667,
      "Custom_Dim": 5.961538461538462
    },
    "client": {
      "RRO": 7.986111111111111,
      "PANAS": 4.875,
      "SCL_90": 1.3888888888888888,
      "SRS": 8.75
    }
  },
  "session_count": 1,
  "thread_id": "ThreadPoolExecutor-0_4"
}