{
  "case_name": "simpsydial_5",
  "case_number": "",
  "case_path": "eval/manager/Simpsydial/prepared/simpsydial_5.json",
  "session_number": 1,
  "session_file": "session_1",
  "evaluation_results": {
    "counselor": {
      "HTAIS": 6.538461538461538,
      "RRO": 7.958333333333334,
      "WAI": 5.833333333333333,
      "Custom_Dim": 6.615384615384615
    },
    "client": {
      "RRO": 6.944444444444445,
      "PANAS": 2.625,
      "SCL_90": 1.4166666666666667,
      "SRS": 10.0
    }
  },
  "session_count": 1,
  "thread_id": "ThreadPoolExecutor-0_5"
}