{
  "case_name": "simpsydial_2",
  "case_number": "",
  "case_path": "eval/manager/Simpsydial/prepared/simpsydial_2.json",
  "session_number": 1,
  "session_file": "session_1",
  "evaluation_results": {
    "counselor": {
      "HTAIS": 5.865384615384615,
      "RRO": 7.708333333333334,
      "WAI": 5.208333333333333,
      "Custom_Dim": 5.769230769230769
    },
    "client": {
      "RRO": 7.083333333333334,
      "PANAS": 5.75,
      "SCL_90": 0.5277777777777778,
      "SRS": 7.5
    }
  },
  "session_count": 1,
  "thread_id": "ThreadPoolExecutor-0_2"
}