{
  "case_name": "simpsydial_6",
  "case_number": "",
  "case_path": "eval/manager/Simpsydial/prepared/simpsydial_6.json",
  "session_number": 1,
  "session_file": "session_1",
  "evaluation_results": {
    "counselor": {
      "HTAIS": 6.0576923076923075,
      "RRO": 7.958333333333334,
      "WAI": 5.208333333333333,
      "Custom_Dim": 6.115384615384615
    },
    "client": {
      "RRO": 6.909722222222222,
      "PANAS": 3.5,
      "SCL_90": 1.5277777777777777,
      "SRS": 10.0
    }
  },
  "session_count": 1,
  "thread_id": "ThreadPoolExecutor-0_6"
}