{
  "case_name": "simpsydial_9",
  "case_number": "",
  "case_path": "eval/manager/Simpsydial/prepared/simpsydial_9.json",
  "session_number": 1,
  "session_file": "session_1",
  "evaluation_results": {
    "counselor": {
      "HTAIS": 5.961538461538462,
      "RRO": 8.833333333333332,
      "WAI": 7.291666666666667,
      "Custom_Dim": 6.576923076923077
    },
    "client": {
      "RRO": 8.402777777777779,
      "PANAS": 5.0,
      "SCL_90": 0.5555555555555556,
      "SRS": 10.0
    }
  },
  "session_count": 1,
  "thread_id": "ThreadPoolExecutor-0_9"
}