{
  "case_name": "simpsydial_1",
  "case_number": "",
  "case_path": "eval/manager/Simpsydial/prepared/simpsydial_1.json",
  "session_number": 1,
  "session_file": "session_1",
  "evaluation_results": {
    "counselor": {
      "HTAIS": 4.8076923076923075,
      "RRO": 7.708333333333334,
      "WAI": 5.833333333333333,
      "Custom_Dim": 7.538461538461538
    },
    "client": {
      "RRO": 6.215277777777778,
      "PANAS": 5.125,
      "SCL_90": 0.8888888888888888,
      "SRS": 7.5
    }
  },
  "session_count": 1,
  "thread_id": "ThreadPoolExecutor-0_1"
}