{
  "case_name": "1",
  "case_number": "",
  "case_path": "eval/data_sample/PsychEval/cbt/1.json",
  "session_number": 1,
  "session_file": "session_1",
  "evaluation_results": {
    "counselor": {
      "HTAIS": 7.403846153846154,
      "RRO": 8.166666666666668,
      "WAI": 6.875,
      "Custom_Dim": 7.769230769230769,
      "CTRS": 9.444444444444445
    },
    "client": {
      "RRO": 7.118055555555555,
      "PANAS": 3.0,
      "SCL_90": 1.6944444444444444,
      "SRS": 7.5,
      "BDI_II": 2.8571428571428577
    }
  },
  "session_count": 1,
  "thread_id": "ThreadPoolExecutor-0_0"
}