{
  "case_name": "1",
  "case_number": "",
  "case_path": "eval/data_sample/PsychEval/cbt/1.json",
  "session_number": 2,
  "session_file": "session_2",
  "evaluation_results": {
    "counselor": {
      "HTAIS": 6.730769230769231,
      "RRO": 7.291666666666666,
      "WAI": 7.708333333333333,
      "Custom_Dim": 9.076923076923077,
      "CTRS": 9.444444444444445
    },
    "client": {
      "RRO": 6.666666666666666,
      "PANAS": 3.875,
      "SCL_90": 1.6666666666666667,
      "SRS": 10.0,
      "BDI_II": 3.809523809523809
    }
  },
  "session_count": 1,
  "thread_id": "ThreadPoolExecutor-0_0"
}