{
  "case_name": "2",
  "case_number": "",
  "case_path": "eval/data_sample/PsychEval/cbt/2.json",
  "session_number": 5,
  "session_file": "session_5",
  "evaluation_results": {
    "counselor": {
      "HTAIS": 5.961538461538462,
      "RRO": 8.416666666666668,
      "WAI": 7.291666666666667,
      "Custom_Dim": 8.884615384615385,
      "CTRS": 10.0
    },
    "client": {
      "RRO": 6.944444444444445,
      "PANAS": 3.875,
      "SCL_90": 3.6944444444444446,
      "SRS": 10.0,
      "BDI_II": 4.285714285714285
    }
  },
  "session_count": 1,
  "thread_id": "ThreadPoolExecutor-0_1"
}