{
  "case_name": "2",
  "case_number": "",
  "case_path": "eval/data_sample/PsychEval/cbt/2.json",
  "session_number": 2,
  "session_file": "session_2",
  "evaluation_results": {
    "counselor": {
      "HTAIS": 8.461538461538462,
      "RRO": 7.5,
      "WAI": 7.5,
      "Custom_Dim": 9.538461538461538,
      "CTRS": 9.444444444444445
    },
    "client": {
      "RRO": 6.041666666666666,
      "PANAS": 3.125,
      "SCL_90": 3.361111111111111,
      "SRS": 7.5,
      "BDI_II": 5.714285714285715
    }
  },
  "session_count": 1,
  "thread_id": "ThreadPoolExecutor-0_1"
}