{
  "case_name": "2",
  "case_number": "",
  "case_path": "eval/data_sample/PsychEval/cbt/2.json",
  "session_number": 7,
  "session_file": "session_7",
  "evaluation_results": {
    "counselor": {
      "HTAIS": 7.788461538461538,
      "RRO": 8.416666666666668,
      "WAI": 6.875,
      "Custom_Dim": 9.192307692307692,
      "CTRS": 10.0
    },
    "client": {
      "RRO": 7.083333333333334,
      "PANAS": 3.0,
      "SCL_90": 3.1666666666666665,
      "SRS": 10.0,
      "BDI_II": 3.8095238095238093
    }
  },
  "session_count": 1,
  "thread_id": "ThreadPoolExecutor-0_1"
}