{
  "total_files": 2,
  "max_workers": 15,
  "successful_evaluations": 16,
  "failed_evaluations": 0,
  "stats": {
    "completed": 2,
    "failed": 0,
    "in_progress": 0
  },
  "results": [
    {
      "case_name": "1",
      "case_number": "",
      "case_path": "eval/data_sample/PsychEval/cbt/1.json",
      "session_number": 1,
      "session_file": "session_1",
      "evaluation_results": {
        "counselor": {
          "HTAIS": 7.403846153846154,
          "RRO": 8.166666666666668,
          "WAI": 6.875,
          "Custom_Dim": 7.769230769230769,
          "CTRS": 9.444444444444445
        },
        "client": {
          "RRO": 7.118055555555555,
          "PANAS": 3.0,
          "SCL_90": 1.6944444444444444,
          "SRS": 7.5,
          "BDI_II": 2.8571428571428577
        }
      },
      "session_count": 1,
      "thread_id": "ThreadPoolExecutor-0_0"
    },
    {
      "case_name": "1",
      "case_number": "",
      "case_path": "eval/data_sample/PsychEval/cbt/1.json",
      "session_number": 2,
      "session_file": "session_2",
      "evaluation_results": {
        "counselor": {
          "HTAIS": 6.730769230769231,
          "RRO": 7.291666666666666,
          "WAI": 7.708333333333333,
          "Custom_Dim": 9.076923076923077,
          "CTRS": 9.444444444444445
        },
        "client": {
          "RRO": 6.666666666666666,
          "PANAS": 3.875,
          "SCL_90": 1.6666666666666667,
          "SRS": 10.0,
          "BDI_II": 3.809523809523809
        }
      },
      "session_count": 1,
      "thread_id": "ThreadPoolExecutor-0_0"
    },
    {
      "case_name": "1",
      "case_number": "",
      "case_path": "eval/data_sample/PsychEval/cbt/1.json",
      "session_number": 3,
      "session_file": "session_3",
      "evaluation_results": {
        "counselor": {
          "HTAIS": 7.6923076923076925,
          "RRO": 9.083333333333332,
          "WAI": 6.458333333333333,
          "Custom_Dim": 8.307692307692308,
          "CTRS": 9.444444444444445
        },
        "client": {
          "RRO": 8.57638888888889,
          "PANAS": 6.125,
          "SCL_90": 1.3333333333333333,
          "SRS": 10.0,
          "BDI_II": 2.53968253968254
        }
      },
      "session_count": 1,
      "thread_id": "ThreadPoolExecutor-0_0"
    },
    {
      "case_name": "1",
      "case_number": "",
      "case_path": "eval/data_sample/PsychEval/cbt/1.json",
      "session_number": 4,
      "session_file": "session_4",
      "evaluation_results": {
        "counselor": {
          "HTAIS": 5.1923076923076925,
          "RRO": 8.833333333333332,
          "WAI": 9.166666666666666,
          "Custom_Dim": 8.923076923076923,
          "CTRS": 10.0
        },
        "client": {
          "RRO": 8.402777777777779,
          "PANAS": 5.625,
          "SCL_90": 1.2222222222222223,
          "SRS": 10.0,
          "BDI_II": 1.2698412698412698
        }
      },
      "session_count": 1,
      "thread_id": "ThreadPoolExecutor-0_0"
    },
    {
      "case_name": "1",
      "case_number": "",
      "case_path": "eval/data_sample/PsychEval/cbt/1.json",
      "session_number": 5,
      "session_file": "session_5",
      "evaluation_results": {
        "counselor": {
          "HTAIS": 7.596153846153846,
          "RRO": 7.708333333333334,
          "WAI": 8.333333333333334,
          "Custom_Dim": 9.5,
          "CTRS": 10.0
        },
        "client": {
          "RRO": 7.5,
          "PANAS": 6.0,
          "SCL_90": 1.4722222222222223,
          "SRS": 8.125,
          "BDI_II": 2.3809523809523814
        }
      },
      "session_count": 1,
      "thread_id": "ThreadPoolExecutor-0_0"
    },
    {
      "case_name": "1",
      "case_number": "",
      "case_path": "eval/data_sample/PsychEval/cbt/1.json",
      "session_number": 6,
      "session_file": "session_6",
      "evaluation_results": {
        "counselor": {
          "HTAIS": 5.480769230769231,
          "RRO": 7.5,
          "WAI": 8.541666666666666,
          "Custom_Dim": 8.384615384615385,
          "CTRS": 10.0
        },
        "client": {
          "RRO": 7.5,
          "PANAS": 6.0,
          "SCL_90": 0.9166666666666666,
          "SRS": 10.0,
          "BDI_II": 1.1111111111111112
        }
      },
      "session_count": 1,
      "thread_id": "ThreadPoolExecutor-0_0"
    },
    {
      "case_name": "1",
      "case_number": "",
      "case_path": "eval/data_sample/PsychEval/cbt/1.json",
      "session_number": 7,
      "session_file": "session_7",
      "evaluation_results": {
        "counselor": {
          "HTAIS": 7.596153846153846,
          "RRO": 8.416666666666668,
          "WAI": 9.375,
          "Custom_Dim": 8.115384615384615,
          "CTRS": 10.0
        },
        "client": {
          "RRO": 7.673611111111111,
          "PANAS": 7.375,
          "SCL_90": 0.25,
          "SRS": 10.0,
          "BDI_II": 1.9047619047619047
        }
      },
      "session_count": 1,
      "thread_id": "ThreadPoolExecutor-0_0"
    },
    {
      "case_name": "2",
      "case_number": "",
      "case_path": "eval/data_sample/PsychEval/cbt/2.json",
      "session_number": 1,
      "session_file": "session_1",
      "evaluation_results": {
        "counselor": {
          "HTAIS": 5.1923076923076925,
          "RRO": 5.25,
          "WAI": 6.666666666666667,
          "Custom_Dim": 8.73076923076923,
          "CTRS": 9.444444444444445
        },
        "client": {
          "RRO": 5.0,
          "PANAS": 2.25,
          "SCL_90": 4.305555555555555,
          "SRS": 7.5,
          "BDI_II": 7.619047619047619
        }
      },
      "session_count": 1,
      "thread_id": "ThreadPoolExecutor-0_1"
    },
    {
      "case_name": "2",
      "case_number": "",
      "case_path": "eval/data_sample/PsychEval/cbt/2.json",
      "session_number": 2,
      "session_file": "session_2",
      "evaluation_results": {
        "counselor": {
          "HTAIS": 8.461538461538462,
          "RRO": 7.5,
          "WAI": 7.5,
          "Custom_Dim": 9.538461538461538,
          "CTRS": 9.444444444444445
        },
        "client": {
          "RRO": 6.041666666666666,
          "PANAS": 3.125,
          "SCL_90": 3.361111111111111,
          "SRS": 7.5,
          "BDI_II": 5.714285714285715
        }
      },
      "session_count": 1,
      "thread_id": "ThreadPoolExecutor-0_1"
    },
    {
      "case_name": "2",
      "case_number": "",
      "case_path": "eval/data_sample/PsychEval/cbt/2.json",
      "session_number": 3,
      "session_file": "session_3",
      "evaluation_results": {
        "counselor": {
          "HTAIS": 8.557692307692308,
          "RRO": 7.291666666666666,
          "WAI": 6.875,
          "Custom_Dim": 8.26923076923077,
          "CTRS": 10.0
        },
        "client": {
          "RRO": 5.902777777777778,
          "PANAS": 3.875,
          "SCL_90": 3.75,
          "SRS": 7.5,
          "BDI_II": 4.761904761904761
        }
      },
      "session_count": 1,
      "thread_id": "ThreadPoolExecutor-0_1"
    },
    {
      "case_name": "2",
      "case_number": "",
      "case_path": "eval/data_sample/PsychEval/cbt/2.json",
      "session_number": 4,
      "session_file": "session_4",
      "evaluation_results": {
        "counselor": {
          "HTAIS": 8.365384615384615,
          "RRO": 8.875,
          "WAI": 6.458333333333333,
          "Custom_Dim": 8.115384615384615,
          "CTRS": 10.0
        },
        "client": {
          "RRO": 7.222222222222222,
          "PANAS": 4.25,
          "SCL_90": 3.361111111111111,
          "SRS": 7.5,
          "BDI_II": 4.92063492063492
        }
      },
      "session_count": 1,
      "thread_id": "ThreadPoolExecutor-0_1"
    },
    {
      "case_name": "2",
      "case_number": "",
      "case_path": "eval/data_sample/PsychEval/cbt/2.json",
      "session_number": 5,
      "session_file": "session_5",
      "evaluation_results": {
        "counselor": {
          "HTAIS": 5.961538461538462,